<?xml version="1.0" encoding="UTF-8"?>
<project-private xmlns="http://www.netbeans.org/ns/project-private/1">
    <editor-bookmarks xmlns="http://www.netbeans.org/ns/editor-bookmarks/2" lastBookmarkId="0"/>
    <open-files xmlns="http://www.netbeans.org/ns/projectui-open-files/2">
        <group>
            <file>file:/C:/Users/Ernesto%20Antonio/Documents/UCAB/7mo%20semestre/BDD%20v2/Proyecto/Cosas%20proyecto/Nueva%20carpeta/ProjectMM/src/CRUD/CRUDVehiculos.java</file>
            <file>file:/C:/Users/Ernesto%20Antonio/Documents/UCAB/7mo%20semestre/BDD%20v2/Proyecto/Cosas%20proyecto/Nueva%20carpeta/ProjectMM/src/Ventanas/VPersonal.java</file>
            <file>file:/C:/Users/Ernesto%20Antonio/Documents/UCAB/7mo%20semestre/BDD%20v2/Proyecto/Cosas%20proyecto/Nueva%20carpeta/ProjectMM/src/CRUD/CRUDPersonal.java</file>
            <file>file:/C:/Users/Ernesto%20Antonio/Documents/UCAB/7mo%20semestre/BDD%20v2/Proyecto/Cosas%20proyecto/Nueva%20carpeta/ProjectMM/src/Ventanas/VVehiculos.java</file>
            <file>file:/C:/Users/Ernesto%20Antonio/Documents/UCAB/7mo%20semestre/BDD%20v2/Proyecto/Cosas%20proyecto/Nueva%20carpeta/ProjectMM/src/CRUD/CRUDClientes.java</file>
            <file>file:/C:/Users/Ernesto%20Antonio/Documents/UCAB/7mo%20semestre/BDD%20v2/Proyecto/Cosas%20proyecto/Nueva%20carpeta/ProjectMM/src/Ventanas/VClientes.java</file>
            <file>file:/C:/Users/Ernesto%20Antonio/Documents/UCAB/7mo%20semestre/BDD%20v2/Proyecto/Cosas%20proyecto/Nueva%20carpeta/ProjectMM/src/CRUD/CRUDAgencias.java</file>
            <file>file:/C:/Users/Ernesto%20Antonio/Documents/UCAB/7mo%20semestre/BDD%20v2/Proyecto/Cosas%20proyecto/Nueva%20carpeta/ProjectMM/src/Ventanas/VAgencia.java</file>
        </group>
    </open-files>
</project-private>
